<?xml version="1.0" encoding="UTF-8"?>
<metadata xml:lang="en"><Esri><CreaDate>20181210</CreaDate><CreaTime>13305000</CreaTime><SyncOnce>FALSE</SyncOnce><SyncDate>20180510</SyncDate><SyncTime>16042800</SyncTime><ModDate>20180510</ModDate><ModTime>16042800</ModTime><DataProperties><lineage><Process Name="FeatureClassToFeatureClass_1" ToolSource="C:\Program Files\ArcGIS\ArcToolbox\Toolboxes\Conversion Tools.tbx\FeatureClassToFeatureClass" Date="20081001" Time="084448" export="">FeatureClassToFeatureClass "C:\Documents and Settings\Bdonahue\Personal\GIS\GEODATATBASE\SDE_CHECK_BACKUP.mdb\UPDATEJOIN" "Database Connections\CTA_SDE_ADMIN.sde" CTA_ROUTES # "ROUTE ROUTE true true false 4 Text 0 0 ,First,#,C:\Documents and Settings\Bdonahue\Personal\GIS\GEODATATBASE\SDE_CHECK_BACKUP.mdb\UPDATEJOIN,ROUTE,-1,-1;ROUTE0 ROUTE0 true true false 4 Text 0 0 ,First,#,C:\Documents and Settings\Bdonahue\Personal\GIS\GEODATATBASE\SDE_CHECK_BACKUP.mdb\UPDATEJOIN,ROUTE0,-1,-1;NAME NAME true true false 32 Text 0 0 ,First,#,C:\Documents and Settings\Bdonahue\Personal\GIS\GEODATATBASE\SDE_CHECK_BACKUP.mdb\UPDATEJOIN,NAME,-1,-1;WKDAY WKDAY true true false 4 Long 0 0 ,First,#,C:\Documents and Settings\Bdonahue\Personal\GIS\GEODATATBASE\SDE_CHECK_BACKUP.mdb\UPDATEJOIN,WKDAY,-1,-1;SAT SAT true true false 4 Long 0 0 ,First,#,C:\Documents and Settings\Bdonahue\Personal\GIS\GEODATATBASE\SDE_CHECK_BACKUP.mdb\UPDATEJOIN,SAT,-1,-1;SUN SUN true true false 4 Long 0 0 ,First,#,C:\Documents and Settings\Bdonahue\Personal\GIS\GEODATATBASE\SDE_CHECK_BACKUP.mdb\UPDATEJOIN,SUN,-1,-1;TYPE TYPE true true false 10 Text 0 0 ,First,#,C:\Documents and Settings\Bdonahue\Personal\GIS\GEODATATBASE\SDE_CHECK_BACKUP.mdb\UPDATEJOIN,TYPE,-1,-1;OWL OWL true true false 2 Short 0 0 ,First,#,C:\Documents and Settings\Bdonahue\Personal\GIS\GEODATATBASE\SDE_CHECK_BACKUP.mdb\UPDATEJOIN,OWL,-1,-1;TITLE6 TITLE6 true true false 2 Short 0 0 ,First,#,C:\Documents and Settings\Bdonahue\Personal\GIS\GEODATATBASE\SDE_CHECK_BACKUP.mdb\UPDATEJOIN,TITLE6,-1,-1;GARAGE GARAGE true true false 3 Text 0 0 ,First,#,C:\Documents and Settings\Bdonahue\Personal\GIS\GEODATATBASE\SDE_CHECK_BACKUP.mdb\UPDATEJOIN,GARAGE,-1,-1;CONTRACT CONTRACT true true false 2 Short 0 0 ,First,#,C:\Documents and Settings\Bdonahue\Personal\GIS\GEODATATBASE\SDE_CHECK_BACKUP.mdb\UPDATEJOIN,CONTRACT,-1,-1;POVERTY POVERTY true true false 2 Short 0 0 ,First,#,C:\Documents and Settings\Bdonahue\Personal\GIS\GEODATATBASE\SDE_CHECK_BACKUP.mdb\UPDATEJOIN,POVERTY,-1,-1;MINORITY MINORITY true true false 2 Short 0 0 ,First,#,C:\Documents and Settings\Bdonahue\Personal\GIS\GEODATATBASE\SDE_CHECK_BACKUP.mdb\UPDATEJOIN,MINORITY,-1,-1;Shape_Length Shape_Length false true true 8 Double 0 0 ,First,#,C:\Documents and Settings\Bdonahue\Personal\GIS\GEODATATBASE\SDE_CHECK_BACKUP.mdb\UPDATEJOIN,Shape_Length,-1,-1" # "Database Connections\CTA_SDE_ADMIN.sde\SDE_ADMIN.CTA_ROUTES"</Process><Process ToolSource="c:\program files (x86)\arcgis\desktop10.1\ArcToolbox\Toolboxes\Data Management Tools.tbx\CalculateField" Date="20130926" Time="102117" Name="" export="">CalculateField SDE_ADMIN.CTA_ROUTES ROUTE "111A" VB #</Process><Process ToolSource="c:\program files (x86)\arcgis\desktop10.1\ArcToolbox\Toolboxes\Data Management Tools.tbx\CalculateField" Date="20130926" Time="102411" Name="" export="">CalculateField SDE_ADMIN.CTA_ROUTES ROUTE "111A" VB #</Process><Process ToolSource="c:\program files (x86)\arcgis\desktop10.1\ArcToolbox\Toolboxes\Data Management Tools.tbx\CalculateField" Date="20130926" Time="145650" Name="" export="">CalculateField SDE_ADMIN.CTA_ROUTES ROUTE 6 VB #</Process><Process ToolSource="c:\program files (x86)\arcgis\desktop10.1\ArcToolbox\Toolboxes\Data Management Tools.tbx\CalculateField" Date="20130926" Time="145703" Name="" export="">CalculateField SDE_ADMIN.CTA_ROUTES ROUTE 79 VB #</Process><Process ToolSource="c:\program files (x86)\arcgis\desktop10.1\ArcToolbox\Toolboxes\Data Management Tools.tbx\CalculateField" Date="20131014" Time="153125" Name="" export="">CalculateField SDE_ADMIN.CTA_ROUTES ROUTE "111A" VB #</Process><Process ToolSource="c:\program files (x86)\arcgis\desktop10.1\ArcToolbox\Toolboxes\Data Management Tools.tbx\CalculateField" Date="20140217" Time="095604" Name="" export="">CalculateField "CTA Bus Routes Gray" ROUTE 136 VB #</Process><Process ToolSource="c:\program files (x86)\arcgis\desktop10.1\ArcToolbox\Toolboxes\Data Management Tools.tbx\CalculateField" Date="20140221" Time="110300" Name="" export="">CalculateField "CTA Bus Routes Gray" ROUTE 120 VB #</Process><Process ToolSource="c:\program files (x86)\arcgis\desktop10.1\ArcToolbox\Toolboxes\Data Management Tools.tbx\CalculateField" Date="20140221" Time="110311" Name="" export="">CalculateField "CTA Bus Routes Gray" ROUTE 121 VB #</Process><Process ToolSource="c:\program files (x86)\arcgis\desktop10.1\ArcToolbox\Toolboxes\Data Management Tools.tbx\CalculateField" Date="20140314" Time="083140" Name="" export="">CalculateField "CTA Bus Routes Gray" ROUTE 24 VB #</Process><Process ToolSource="c:\program files (x86)\arcgis\desktop10.1\ArcToolbox\Toolboxes\Data Management Tools.tbx\CalculateField" Date="20140314" Time="083247" Name="" export="">CalculateField "CTA Bus Routes Gray" ROUTE 24 VB #</Process><Process ToolSource="c:\program files (x86)\arcgis\desktop10.1\ArcToolbox\Toolboxes\Data Management Tools.tbx\CalculateField" Date="20140314" Time="083448" Name="" export="">CalculateField "CTA Bus Routes Gray" ROUTE 24 VB #</Process><Process ToolSource="c:\program files (x86)\arcgis\desktop10.1\ArcToolbox\Toolboxes\Data Management Tools.tbx\CalculateField" Date="20140402" Time="100401" Name="" export="">CalculateField SDE_ADMIN.CTA_ROUTES ROUTE "X98" VB #</Process><Process ToolSource="c:\program files (x86)\arcgis\desktop10.1\ArcToolbox\Toolboxes\Data Management Tools.tbx\CalculateField" Date="20140402" Time="120757" Name="" export="">CalculateField SDE_ADMIN.CTA_ROUTES ROUTE 192 VB #</Process><Process ToolSource="c:\program files (x86)\arcgis\desktop10.1\ArcToolbox\Toolboxes\Data Management Tools.tbx\CalculateField" Date="20150306" Time="110611" Name="" export="">CalculateField SDE_ADMIN.CTA_ROUTES ROUTE "J14" VB #</Process><Process ToolSource="c:\program files (x86)\arcgis\desktop10.1\ArcToolbox\Toolboxes\Data Management Tools.tbx\CalculateField" Date="20150310" Time="070654" Name="" export="">CalculateField "CTA Bus Routes EDIT" ROUTE 94 VB #</Process><Process ToolSource="c:\program files (x86)\arcgis\desktop10.1\ArcToolbox\Toolboxes\Data Management Tools.tbx\CalculateField" Date="20151112" Time="160707" Name="" export="">CalculateField "CTA Bus Routes Gray" ROUTE "J14" VB #</Process><Process ToolSource="c:\program files (x86)\arcgis\desktop10.1\ArcToolbox\Toolboxes\Data Management Tools.tbx\CalculateField" Date="20151113" Time="070216" Name="" export="">CalculateField "CTA Bus Routes Gray" ROUTE0 "J14" VB #</Process><Process ToolSource="c:\program files (x86)\arcgis\desktop10.1\ArcToolbox\Toolboxes\Data Management Tools.tbx\CalculateField" Date="20160205" Time="142825" Name="" export="">CalculateField SDE_ADMIN.CTA_ROUTES CONTRACT 0 VB #</Process><Process ToolSource="c:\program files (x86)\arcgis\desktop10.1\ArcToolbox\Toolboxes\Data Management Tools.tbx\CalculateField" Date="20160210" Time="084807" Name="" export="">CalculateField "CTA Bus Routes" ROUTE 128 VB #</Process><Process ToolSource="c:\program files (x86)\arcgis\desktop10.1\ArcToolbox\Toolboxes\Data Management Tools.tbx\CalculateField" Date="20160210" Time="084932" Name="" export="">CalculateField "CTA Bus Routes" ROUTE 128 VB #</Process><Process ToolSource="c:\program files (x86)\arcgis\desktop10.1\ArcToolbox\Toolboxes\Data Management Tools.tbx\CalculateField" Date="20160210" Time="143637" Name="" export="">CalculateField "CTA Bus Routes Gray" ROUTE "95W" VB #</Process><Process ToolSource="c:\program files (x86)\arcgis\desktop10.1\ArcToolbox\Toolboxes\Data Management Tools.tbx\CalculateField" Date="20160310" Time="142935" Name="" export="">CalculateField "CTA Bus Routes Gray" ROUTE 192 VB #</Process><Process ToolSource="c:\program files (x86)\arcgis\desktop10.1\ArcToolbox\Toolboxes\Data Management Tools.tbx\CalculateField" Date="20160310" Time="143303" Name="" export="">CalculateField "CTA Bus Routes Gray" ROUTE 192 VB #</Process><Process ToolSource="c:\program files (x86)\arcgis\desktop10.1\ArcToolbox\Toolboxes\Data Management Tools.tbx\CalculateField" Date="20160609" Time="071739">CalculateField "CTA Bus Routes Gray" ROUTE 11 VB #</Process><Process ToolSource="c:\program files (x86)\arcgis\desktop10.1\ArcToolbox\Toolboxes\Data Management Tools.tbx\CalculateField" Date="20160803" Time="100804">CalculateField SDE_ADMIN.CTA_ROUTES ROUTE 31 VB #</Process><Process ToolSource="c:\program files (x86)\arcgis\desktop10.1\ArcToolbox\Toolboxes\Data Management Tools.tbx\CalculateField" Date="20160803" Time="101101">CalculateField SDE_ADMIN.CTA_ROUTES ROUTE 31 VB #</Process><Process ToolSource="c:\program files (x86)\arcgis\desktop10.1\ArcToolbox\Toolboxes\Data Management Tools.tbx\CalculateField" Date="20160808" Time="134055">CalculateField SDE_ADMIN.CTA_ROUTES ROUTE 4 VB #</Process><Process ToolSource="c:\program files (x86)\arcgis\desktop10.1\ArcToolbox\Toolboxes\Data Management Tools.tbx\CalculateField" Date="20160808" Time="134452">CalculateField SDE_ADMIN.CTA_ROUTES ROUTE 26 VB #</Process><Process ToolSource="c:\program files (x86)\arcgis\desktop10.1\ArcToolbox\Toolboxes\Data Management Tools.tbx\CalculateField" Date="20160808" Time="134521">CalculateField SDE_ADMIN.CTA_ROUTES ROUTE 26 VB #</Process><Process ToolSource="c:\program files (x86)\arcgis\desktop10.1\ArcToolbox\Toolboxes\Data Management Tools.tbx\CalculateField" Date="20160818" Time="154400">CalculateField SDE_ADMIN.CTA_ROUTES ROUTE 1 VB #</Process><Process ToolSource="c:\program files (x86)\arcgis\desktop10.1\ArcToolbox\Toolboxes\Data Management Tools.tbx\CalculateField" Date="20160818" Time="154529">CalculateField SDE_ADMIN.CTA_ROUTES ROUTE 121 VB #</Process><Process ToolSource="c:\program files (x86)\arcgis\desktop10.1\ArcToolbox\Toolboxes\Data Management Tools.tbx\CalculateField" Date="20160818" Time="154626">CalculateField SDE_ADMIN.CTA_ROUTES ROUTE 151 VB #</Process><Process ToolSource="c:\program files (x86)\arcgis\desktop10.1\ArcToolbox\Toolboxes\Data Management Tools.tbx\CalculateField" Date="20160818" Time="154710">CalculateField SDE_ADMIN.CTA_ROUTES ROUTE 151 VB #</Process><Process ToolSource="c:\program files (x86)\arcgis\desktop10.1\ArcToolbox\Toolboxes\Data Management Tools.tbx\CalculateField" Date="20160818" Time="155011">CalculateField SDE_ADMIN.CTA_ROUTES ROUTE 151 VB #</Process><Process ToolSource="c:\program files (x86)\arcgis\desktop10.1\ArcToolbox\Toolboxes\Data Management Tools.tbx\CalculateField" Date="20160818" Time="155226">CalculateField SDE_ADMIN.CTA_ROUTES ROUTE 151 VB #</Process><Process ToolSource="c:\program files (x86)\arcgis\desktop10.1\ArcToolbox\Toolboxes\Data Management Tools.tbx\CalculateField" Date="20160818" Time="155449">CalculateField SDE_ADMIN.CTA_ROUTES ROUTE 151 VB #</Process><Process ToolSource="c:\program files (x86)\arcgis\desktop10.1\ArcToolbox\Toolboxes\Data Management Tools.tbx\CalculateField" Date="20160818" Time="155605">CalculateField SDE_ADMIN.CTA_ROUTES ROUTE 151 VB #</Process><Process ToolSource="c:\program files (x86)\arcgis\desktop10.1\ArcToolbox\Toolboxes\Data Management Tools.tbx\CalculateField" Date="20160818" Time="155717">CalculateField SDE_ADMIN.CTA_ROUTES ROUTE 151 VB #</Process><Process ToolSource="c:\program files (x86)\arcgis\desktop10.1\ArcToolbox\Toolboxes\Data Management Tools.tbx\CalculateField" Date="20160818" Time="161945">CalculateField SDE_ADMIN.CTA_ROUTES ROUTE 156 VB #</Process><Process ToolSource="c:\program files (x86)\arcgis\desktop10.1\ArcToolbox\Toolboxes\Data Management Tools.tbx\CalculateField" Date="20160818" Time="162608">CalculateField SDE_ADMIN.CTA_ROUTES ROUTE 156 VB #</Process><Process ToolSource="c:\program files (x86)\arcgis\desktop10.1\ArcToolbox\Toolboxes\Data Management Tools.tbx\CalculateField" Date="20160818" Time="162651">CalculateField SDE_ADMIN.CTA_ROUTES ROUTE 156 VB #</Process><Process ToolSource="c:\program files (x86)\arcgis\desktop10.1\ArcToolbox\Toolboxes\Data Management Tools.tbx\CalculateField" Date="20160819" Time="071432">CalculateField SDE_ADMIN.CTA_ROUTES ROUTE 124 VB #</Process><Process ToolSource="c:\program files (x86)\arcgis\desktop10.1\ArcToolbox\Toolboxes\Data Management Tools.tbx\CalculateField" Date="20160819" Time="071746">CalculateField SDE_ADMIN.CTA_ROUTES ROUTE 124 VB #</Process><Process ToolSource="c:\program files (x86)\arcgis\desktop10.1\ArcToolbox\Toolboxes\Data Management Tools.tbx\CalculateField" Date="20160819" Time="072019">CalculateField SDE_ADMIN.CTA_ROUTES ROUTE 124 VB #</Process><Process ToolSource="c:\program files (x86)\arcgis\desktop10.1\ArcToolbox\Toolboxes\Data Management Tools.tbx\CalculateField" Date="20160819" Time="072127">CalculateField SDE_ADMIN.CTA_ROUTES ROUTE 124 VB #</Process><Process ToolSource="c:\program files (x86)\arcgis\desktop10.1\ArcToolbox\Toolboxes\Data Management Tools.tbx\CalculateField" Date="20160819" Time="072217">CalculateField SDE_ADMIN.CTA_ROUTES ROUTE 124 VB #</Process><Process ToolSource="c:\program files (x86)\arcgis\desktop10.1\ArcToolbox\Toolboxes\Data Management Tools.tbx\CalculateField" Date="20160819" Time="072531">CalculateField SDE_ADMIN.CTA_ROUTES ROUTE 124 VB #</Process><Process ToolSource="c:\program files (x86)\arcgis\desktop10.1\ArcToolbox\Toolboxes\Data Management Tools.tbx\CalculateField" Date="20160819" Time="072748">CalculateField SDE_ADMIN.CTA_ROUTES ROUTE 124 VB #</Process><Process ToolSource="c:\program files (x86)\arcgis\desktop10.1\ArcToolbox\Toolboxes\Data Management Tools.tbx\CalculateField" Date="20160819" Time="103307">CalculateField SDE_ADMIN.CTA_ROUTES ROUTE 1 VB #</Process><Process ToolSource="c:\program files (x86)\arcgis\desktop10.1\ArcToolbox\Toolboxes\Data Management Tools.tbx\CalculateField" Date="20160819" Time="103403">CalculateField SDE_ADMIN.CTA_ROUTES ROUTE 28 VB #</Process><Process ToolSource="c:\program files (x86)\arcgis\desktop10.1\ArcToolbox\Toolboxes\Data Management Tools.tbx\CalculateField" Date="20160819" Time="103449">CalculateField SDE_ADMIN.CTA_ROUTES ROUTE 28 VB #</Process><Process ToolSource="c:\program files (x86)\arcgis\desktop10.1\ArcToolbox\Toolboxes\Data Management Tools.tbx\CalculateField" Date="20160819" Time="103628">CalculateField SDE_ADMIN.CTA_ROUTES ROUTE 28 VB #</Process><Process ToolSource="c:\program files (x86)\arcgis\desktop10.1\ArcToolbox\Toolboxes\Data Management Tools.tbx\CalculateField" Date="20160819" Time="103732">CalculateField SDE_ADMIN.CTA_ROUTES ROUTE 28 VB #</Process><Process ToolSource="c:\program files (x86)\arcgis\desktop10.1\ArcToolbox\Toolboxes\Data Management Tools.tbx\CalculateField" Date="20160819" Time="103838">CalculateField SDE_ADMIN.CTA_ROUTES ROUTE 28 VB #</Process><Process ToolSource="c:\program files (x86)\arcgis\desktop10.1\ArcToolbox\Toolboxes\Data Management Tools.tbx\CalculateField" Date="20160819" Time="103949">CalculateField SDE_ADMIN.CTA_ROUTES ROUTE 28 VB #</Process><Process ToolSource="c:\program files (x86)\arcgis\desktop10.1\ArcToolbox\Toolboxes\Data Management Tools.tbx\CalculateField" Date="20160819" Time="104835">CalculateField SDE_ADMIN.CTA_ROUTES ROUTE 156 VB #</Process><Process ToolSource="c:\program files (x86)\arcgis\desktop10.1\ArcToolbox\Toolboxes\Data Management Tools.tbx\CalculateField" Date="20160819" Time="104917">CalculateField SDE_ADMIN.CTA_ROUTES ROUTE 156 VB #</Process><Process ToolSource="c:\program files (x86)\arcgis\desktop10.1\ArcToolbox\Toolboxes\Data Management Tools.tbx\CalculateField" Date="20160819" Time="105121">CalculateField SDE_ADMIN.CTA_ROUTES ROUTE 156 VB #</Process><Process ToolSource="c:\program files (x86)\arcgis\desktop10.1\ArcToolbox\Toolboxes\Data Management Tools.tbx\CalculateField" Date="20160819" Time="105209">CalculateField SDE_ADMIN.CTA_ROUTES ROUTE 156 VB #</Process><Process ToolSource="c:\program files (x86)\arcgis\desktop10.1\ArcToolbox\Toolboxes\Data Management Tools.tbx\CalculateField" Date="20160819" Time="105350">CalculateField SDE_ADMIN.CTA_ROUTES ROUTE 156 VB #</Process><Process ToolSource="c:\program files (x86)\arcgis\desktop10.1\ArcToolbox\Toolboxes\Data Management Tools.tbx\CalculateField" Date="20170321" Time="153218">CalculateField SDE_ADMIN.CTA_ROUTES ROUTE 11 VB #</Process><Process ToolSource="c:\program files (x86)\arcgis\desktop10.1\ArcToolbox\Toolboxes\Data Management Tools.tbx\CalculateField" Date="20171026" Time="082935">CalculateField SDE_ADMIN.CTA_ROUTES ROUTE 151 VB #</Process><Process ToolSource="c:\program files (x86)\arcgis\desktop10.1\ArcToolbox\Toolboxes\Data Management Tools.tbx\CalculateField" Date="20180828" Time="155744">CalculateField Shapefiles\CTA_Routes SAT 1 VB #</Process><Process ToolSource="c:\program files (x86)\arcgis\desktop10.1\ArcToolbox\Toolboxes\Data Management Tools.tbx\CalculateField" Date="20180828" Time="155749">CalculateField Shapefiles\CTA_Routes SUN 1 VB #</Process><Process ToolSource="c:\program files (x86)\arcgis\desktop10.1\ArcToolbox\Toolboxes\Data Management Tools.tbx\CalculateField" Date="20180904" Time="152702">CalculateField "Bus Route" TYPE "SUPPORT" VB #</Process></lineage><itemProps><itemName Sync="TRUE">SDE_ADMIN.CTA_ROUTES</itemName><imsContentType Sync="TRUE">002</imsContentType><nativeExtBox><westBL Sync="TRUE">1103577.708577</westBL><eastBL Sync="TRUE">1204804.636860</eastBL><southBL Sync="TRUE">1813802.177361</southBL><northBL Sync="TRUE">2010926.908315</northBL><exTypeCode Sync="TRUE">1</exTypeCode></nativeExtBox><itemLocation><linkage Sync="TRUE">Server=sde; Service=sde:oracle$sde:oracle11g:gisds; User=sde_admin; Version=SDE.DEFAULT</linkage><protocol Sync="TRUE">ArcSDE Connection</protocol></itemLocation></itemProps><coordRef><type Sync="TRUE">Projected</type><geogcsn Sync="TRUE">GCS_North_American_1983</geogcsn><csUnits Sync="TRUE">Linear Unit: Foot_US (0.304801)</csUnits><projcsn Sync="TRUE">NAD_1983_StatePlane_Illinois_East_FIPS_1201_Feet</projcsn><peXml Sync="TRUE">&lt;ProjectedCoordinateSystem xsi:type='typens:ProjectedCoordinateSystem' xmlns:xsi='http://www.w3.org/2001/XMLSchema-instance' xmlns:xs='http://www.w3.org/2001/XMLSchema' xmlns:typens='http://www.esri.com/schemas/ArcGIS/10.1'&gt;&lt;WKT&gt;PROJCS[&amp;quot;NAD_1983_StatePlane_Illinois_East_FIPS_1201_Feet&amp;quot;,GEOGCS[&amp;quot;GCS_North_American_1983&amp;quot;,DATUM[&amp;quot;D_North_American_1983&amp;quot;,SPHEROID[&amp;quot;GRS_1980&amp;quot;,6378137.0,298.257222101]],PRIMEM[&amp;quot;Greenwich&amp;quot;,0.0],UNIT[&amp;quot;Degree&amp;quot;,0.0174532925199433]],PROJECTION[&amp;quot;Transverse_Mercator&amp;quot;],PARAMETER[&amp;quot;False_Easting&amp;quot;,984250.0],PARAMETER[&amp;quot;False_Northing&amp;quot;,0.0],PARAMETER[&amp;quot;Central_Meridian&amp;quot;,-88.33333333333333],PARAMETER[&amp;quot;Scale_Factor&amp;quot;,0.999975],PARAMETER[&amp;quot;Latitude_Of_Origin&amp;quot;,36.66666666666666],UNIT[&amp;quot;Foot_US&amp;quot;,0.3048006096012192],AUTHORITY[&amp;quot;EPSG&amp;quot;,3435]]&lt;/WKT&gt;&lt;XOrigin&gt;-17463800&lt;/XOrigin&gt;&lt;YOrigin&gt;-46132600&lt;/YOrigin&gt;&lt;XYScale&gt;137244822.078466&lt;/XYScale&gt;&lt;ZOrigin&gt;0&lt;/ZOrigin&gt;&lt;ZScale&gt;1&lt;/ZScale&gt;&lt;MOrigin&gt;0&lt;/MOrigin&gt;&lt;MScale&gt;1&lt;/MScale&gt;&lt;XYTolerance&gt;0.00328083333333333&lt;/XYTolerance&gt;&lt;ZTolerance&gt;0.001&lt;/ZTolerance&gt;&lt;MTolerance&gt;0.001&lt;/MTolerance&gt;&lt;HighPrecision&gt;true&lt;/HighPrecision&gt;&lt;WKID&gt;102671&lt;/WKID&gt;&lt;LatestWKID&gt;3435&lt;/LatestWKID&gt;&lt;/ProjectedCoordinateSystem&gt;</peXml></coordRef></DataProperties><scaleRange><minScale>150000000</minScale><maxScale>5000</maxScale></scaleRange><ArcGISFormat>1.0</ArcGISFormat><ArcGISProfile>ItemDescription</ArcGISProfile></Esri><idinfo><native Sync="TRUE">Microsoft Windows XP Version 5.1 (Build 2600) Service Pack 3; ESRI ArcCatalog 9.3.1.3000</native><descript><langdata Sync="TRUE">en</langdata><abstract>REQUIRED: A brief narrative summary of the data set.</abstract><purpose>REQUIRED: A summary of the intentions with which the data set was developed.</purpose></descript><citation><citeinfo><origin>REQUIRED: The name of an organization or individual that developed the data set.</origin><pubdate>REQUIRED: The date when the data set is published or otherwise made available for release.</pubdate><title Sync="TRUE">SDE_ADMIN.CTA_ROUTES</title><ftname Sync="TRUE">SDE_ADMIN.CTA_ROUTES</ftname><geoform Sync="TRUE">vector digital data</geoform><onlink Sync="TRUE">Server=gis; Service=5151; Database=gisds; User=sde_admin; Version=SDE.DEFAULT</onlink></citeinfo></citation><timeperd><current>REQUIRED: The basis on which the time period of content information is determined.</current><timeinfo><sngdate><caldate>REQUIRED: The year (and optionally month, or month and day) for which the data set corresponds to the ground.</caldate></sngdate></timeinfo></timeperd><status><progress>REQUIRED: The state of the data set.</progress><update>REQUIRED: The frequency with which changes and additions are made to the data set after the initial data set is completed.</update></status><spdom><bounding><westbc Sync="TRUE">-87.896740</westbc><eastbc Sync="TRUE">-87.521102</eastbc><northbc Sync="TRUE">42.065928</northbc><southbc Sync="TRUE">41.643736</southbc></bounding><lboundng><leftbc Sync="TRUE">1103577.708577</leftbc><rightbc Sync="TRUE">1204804.636860</rightbc><bottombc Sync="TRUE">1813802.177361</bottombc><topbc Sync="TRUE">1966921.028234</topbc></lboundng></spdom><keywords><theme><themekt>REQUIRED: Reference to a formally registered thesaurus or a similar authoritative source of theme keywords.</themekt><themekey>REQUIRED: Common-use word or phrase used to describe the subject of the data set.</themekey></theme></keywords><accconst>REQUIRED: Restrictions and legal prerequisites for accessing the data set.</accconst><useconst>REQUIRED: Restrictions and legal prerequisites for using the data set after access is granted.</useconst><natvform Sync="TRUE">SDE Feature Class</natvform></idinfo><dataIdInfo><envirDesc Sync="TRUE">Microsoft Windows 7 Version 6.1 (Build 7601) Service Pack 1; Esri ArcGIS 10.1.1.3143</envirDesc><dataLang><languageCode Sync="TRUE" value="eng"/><countryCode value="USA" Sync="TRUE"/></dataLang><idCitation><resTitle Sync="TRUE">SDE_ADMIN.CTA_ROUTES</resTitle><presForm><PresFormCd Sync="TRUE" value="005"/></presForm></idCitation><spatRpType><SpatRepTypCd Sync="TRUE" value="001"/></spatRpType><dataExt><geoEle><GeoBndBox esriExtentType="native"><westBL Sync="TRUE">1103577.708577</westBL><eastBL Sync="TRUE">1204804.63686</eastBL><northBL Sync="TRUE">1966921.028234</northBL><southBL Sync="TRUE">1813802.177361</southBL><exTypeCode Sync="TRUE">1</exTypeCode></GeoBndBox></geoEle></dataExt><geoBox esriExtentType="decdegrees"><westBL Sync="TRUE">-87.89674</westBL><eastBL Sync="TRUE">-87.521102</eastBL><northBL Sync="TRUE">42.065928</northBL><southBL Sync="TRUE">41.643736</southBL><exTypeCode Sync="TRUE">1</exTypeCode></geoBox><dataExt><geoEle xmlns=""><GeoBndBox esriExtentType="search"><exTypeCode Sync="TRUE">1</exTypeCode><westBL Sync="TRUE">-87.896740</westBL><eastBL Sync="TRUE">-87.519558</eastBL><northBL Sync="TRUE">42.186683</northBL><southBL Sync="TRUE">41.643736</southBL></GeoBndBox></geoEle></dataExt><idAbs>&lt;DIV STYLE="text-align:Left;"&gt;&lt;DIV&gt;&lt;P&gt;&lt;SPAN&gt;Minority and Poverty updated April, 2016 using the &lt;/SPAN&gt;&lt;SPAN&gt;&lt;SPAN&gt;U.S. Census Bureau, 2010-2014 American Community Survey 5-Year Estimates.&lt;/SPAN&gt;&lt;/SPAN&gt;&lt;/P&gt;&lt;/DIV&gt;&lt;/DIV&gt;</idAbs></dataIdInfo><metainfo><langmeta Sync="TRUE">en</langmeta><metstdn Sync="TRUE">FGDC Content Standards for Digital Geospatial Metadata</metstdn><metstdv Sync="TRUE">FGDC-STD-001-1998</metstdv><mettc Sync="TRUE">local time</mettc><metc><cntinfo><cntorgp><cntper>REQUIRED: The person responsible for the metadata information.</cntper><cntorg>REQUIRED: The organization responsible for the metadata information.</cntorg></cntorgp><cntaddr><addrtype>REQUIRED: The mailing and/or physical address for the organization or individual.</addrtype><city>REQUIRED: The city of the address.</city><state>REQUIRED: The state or province of the address.</state><postal>REQUIRED: The ZIP or other postal code of the address.</postal></cntaddr><cntvoice>REQUIRED: The telephone number by which individuals can speak to the organization or individual.</cntvoice></cntinfo></metc><metd Sync="TRUE">20111130</metd></metainfo><mdLang><languageCode Sync="TRUE" value="eng"/><countryCode value="USA" Sync="TRUE"/></mdLang><mdStanName Sync="TRUE">ISO 19115 Geographic Information - Metadata</mdStanName><mdStanVer Sync="TRUE">DIS_ESRI1.0</mdStanVer><mdChar><CharSetCd Sync="TRUE" value="004"/></mdChar><mdHrLv><ScopeCd Sync="TRUE" value="005"/></mdHrLv><mdHrLvName Sync="TRUE">dataset</mdHrLvName><distinfo><resdesc Sync="TRUE">Downloadable Data</resdesc></distinfo><distInfo><distributor><distorTran><onLineSrc><orDesc Sync="TRUE">002</orDesc><linkage Sync="TRUE">Server=gis; Service=5151; Database=gisds; User=sde_admin; Version=SDE.DEFAULT</linkage><protocol Sync="TRUE">ArcSDE Connection</protocol></onLineSrc></distorTran><distorFormat><formatName Sync="TRUE">SDE Feature Class</formatName></distorFormat></distributor><distFormat><formatName Sync="TRUE">SDE Feature Class</formatName></distFormat></distInfo><spdoinfo><direct Sync="TRUE">Vector</direct><ptvctinf><esriterm Name="SDE_ADMIN.CTA_ROUTES"><efeatyp Sync="TRUE">Simple</efeatyp><efeageom code="3" Sync="TRUE"></efeageom><esritopo Sync="TRUE">FALSE</esritopo><efeacnt Sync="TRUE">129</efeacnt><spindex Sync="TRUE">TRUE</spindex><linrefer Sync="TRUE">FALSE</linrefer></esriterm></ptvctinf></spdoinfo><spref><horizsys><cordsysn><geogcsn Sync="TRUE">GCS_North_American_1983</geogcsn><projcsn Sync="TRUE">NAD_1983_StatePlane_Illinois_East_FIPS_1201_Feet</projcsn></cordsysn><planar><planci><plance Sync="TRUE">coordinate pair</plance><plandu Sync="TRUE">survey feet</plandu><coordrep><absres Sync="TRUE">0.000000</absres><ordres Sync="TRUE">0.000000</ordres></coordrep></planci></planar><geodetic><horizdn Sync="TRUE">North American Datum of 1983</horizdn><ellips Sync="TRUE">Geodetic Reference System 80</ellips><semiaxis Sync="TRUE">6378137.000000</semiaxis><denflat Sync="TRUE">298.257222</denflat></geodetic></horizsys><vertdef><altsys><altenc Sync="TRUE">Explicit elevation coordinate included with horizontal coordinates</altenc><altres Sync="TRUE">1.000000</altres></altsys></vertdef></spref><refSysInfo><RefSystem><refSysID><identCode Sync="TRUE" code="3435">NAD_1983_StatePlane_Illinois_East_FIPS_1201_Feet</identCode><idCodeSpace Sync="TRUE">EPSG</idCodeSpace><idVersion Sync="TRUE">7.11.2</idVersion></refSysID></RefSystem></refSysInfo><spatRepInfo><VectSpatRep><geometObjs Name="SDE_ADMIN.CTA_ROUTES"><geoObjTyp><GeoObjTypCd value="002" Sync="TRUE"></GeoObjTypCd></geoObjTyp><geoObjCnt Sync="TRUE">129</geoObjCnt></geometObjs><topLvl><TopoLevCd value="001" Sync="TRUE"></TopoLevCd></topLvl></VectSpatRep></spatRepInfo><eainfo><detailed Name="SDE_ADMIN.CTA_ROUTES"><enttyp><enttypl Sync="TRUE">SDE_ADMIN.CTA_ROUTES</enttypl><enttypt Sync="TRUE">Feature Class</enttypt><enttypc Sync="TRUE">129</enttypc></enttyp><attr><attrlabl Sync="TRUE">OBJECTID</attrlabl><attalias Sync="TRUE">OBJECTID</attalias><attrtype Sync="TRUE">OID</attrtype><attwidth Sync="TRUE">4</attwidth><atprecis Sync="TRUE">10</atprecis><attscale Sync="TRUE">0</attscale><attrdef Sync="TRUE">Internal feature number.</attrdef><attrdefs Sync="TRUE">ESRI</attrdefs><attrdomv><udom Sync="TRUE">Sequential unique whole numbers that are automatically generated.</udom></attrdomv></attr><attr><attrlabl Sync="TRUE">ROUTE</attrlabl><attalias Sync="TRUE">ROUTE</attalias><attrtype Sync="TRUE">String</attrtype><attwidth Sync="TRUE">4</attwidth><atprecis Sync="TRUE">0</atprecis><attscale Sync="TRUE">0</attscale></attr><attr><attrlabl Sync="TRUE">ROUTE0</attrlabl><attalias Sync="TRUE">ROUTE0</attalias><attrtype Sync="TRUE">String</attrtype><attwidth Sync="TRUE">4</attwidth><atprecis Sync="TRUE">0</atprecis><attscale Sync="TRUE">0</attscale></attr><attr><attrlabl Sync="TRUE">NAME</attrlabl><attalias Sync="TRUE">NAME</attalias><attrtype Sync="TRUE">String</attrtype><attwidth Sync="TRUE">32</attwidth><atprecis Sync="TRUE">0</atprecis><attscale Sync="TRUE">0</attscale></attr><attr><attrlabl Sync="TRUE">WKDAY</attrlabl><attalias Sync="TRUE">WKDAY</attalias><attrtype Sync="TRUE">Integer</attrtype><attwidth Sync="TRUE">4</attwidth><atprecis Sync="TRUE">10</atprecis><attscale Sync="TRUE">0</attscale></attr><attr><attrlabl Sync="TRUE">SAT</attrlabl><attalias Sync="TRUE">SAT</attalias><attrtype Sync="TRUE">Integer</attrtype><attwidth Sync="TRUE">4</attwidth><atprecis Sync="TRUE">10</atprecis><attscale Sync="TRUE">0</attscale></attr><attr><attrlabl Sync="TRUE">SUN</attrlabl><attalias Sync="TRUE">SUN</attalias><attrtype Sync="TRUE">Integer</attrtype><attwidth Sync="TRUE">4</attwidth><atprecis Sync="TRUE">10</atprecis><attscale Sync="TRUE">0</attscale></attr><attr><attrlabl Sync="TRUE">TYPE</attrlabl><attalias Sync="TRUE">TYPE</attalias><attrtype Sync="TRUE">String</attrtype><attwidth Sync="TRUE">10</attwidth><atprecis Sync="TRUE">0</atprecis><attscale Sync="TRUE">0</attscale></attr><attr><attrlabl Sync="TRUE">OWL</attrlabl><attalias Sync="TRUE">OWL</attalias><attrtype Sync="TRUE">SmallInteger</attrtype><attwidth Sync="TRUE">2</attwidth><atprecis Sync="TRUE">5</atprecis><attscale Sync="TRUE">0</attscale></attr><attr><attrlabl Sync="TRUE">GARAGE</attrlabl><attalias Sync="TRUE">GARAGE</attalias><attrtype Sync="TRUE">String</attrtype><attwidth Sync="TRUE">3</attwidth><atprecis Sync="TRUE">0</atprecis><attscale Sync="TRUE">0</attscale></attr><attr><attrlabl Sync="TRUE">CONTRACT</attrlabl><attalias Sync="TRUE">CONTRACT</attalias><attrtype Sync="TRUE">SmallInteger</attrtype><attwidth Sync="TRUE">2</attwidth><atprecis Sync="TRUE">5</atprecis><attscale Sync="TRUE">0</attscale></attr><attr><attrlabl Sync="TRUE">POVERTY</attrlabl><attalias Sync="TRUE">POVERTY</attalias><attrtype Sync="TRUE">SmallInteger</attrtype><attwidth Sync="TRUE">2</attwidth><atprecis Sync="TRUE">5</atprecis><attscale Sync="TRUE">0</attscale></attr><attr><attrlabl Sync="TRUE">MINORITY</attrlabl><attalias Sync="TRUE">MINORITY</attalias><attrtype Sync="TRUE">SmallInteger</attrtype><attwidth Sync="TRUE">2</attwidth><atprecis Sync="TRUE">5</atprecis><attscale Sync="TRUE">0</attscale></attr><attr><attrlabl Sync="TRUE">SHAPE</attrlabl><attalias Sync="TRUE">Shape</attalias><attrtype Sync="TRUE">Geometry</attrtype><attwidth Sync="TRUE">4</attwidth><atprecis Sync="TRUE">0</atprecis><attscale Sync="TRUE">0</attscale><attrdef Sync="TRUE">Feature geometry.</attrdef><attrdefs Sync="TRUE">ESRI</attrdefs><attrdomv><udom Sync="TRUE">Coordinates defining the features.</udom></attrdomv></attr><attr><attrlabl Sync="TRUE">SHAPE.LEN</attrlabl><attalias Sync="TRUE">SHAPE.LEN</attalias><attrtype Sync="TRUE">Double</attrtype><attwidth Sync="TRUE">0</attwidth><atprecis Sync="TRUE">0</atprecis><attscale Sync="TRUE">0</attscale></attr></detailed></eainfo><mdDateSt Sync="TRUE">20180510</mdDateSt><dataqual><lineage><procstep><procdesc Sync="TRUE">Dataset copied.</procdesc><srcused Sync="TRUE">Server=gis; Service=5151; Database=gisds; User=sde_admin; Version=SDE.DEFAULT</srcused><date Sync="TRUE">20081001</date><time Sync="TRUE">11155500</time></procstep><procstep><procdesc Sync="TRUE">Dataset copied.</procdesc><srcused Sync="TRUE">\\RCCTA\APPS\SHARED\PLANNING\Transfer\ServChange\2008\DATA.mdb</srcused><date Sync="TRUE">20081218</date><time Sync="TRUE">07072400</time></procstep><procstep><procdesc Sync="TRUE">Dataset copied.</procdesc><srcused Sync="TRUE">\\LK10S-139790\C$\Documents and Settings\Bdonahue\Personal\GIS\GEODATATBASE\SDE_UPDATES.mdb</srcused><date Sync="TRUE">20081230</date><time Sync="TRUE">15441000</time></procstep></lineage></dataqual></metadata>
